03.01.2025;LASTSCHRIFT NETFLIX INTERNATIONAL B.V. REF 6308786135;-13,99;EUR
04.01.2025;KARTENZAHLUNG REWE MARKT GMBH 04.01.2025;-66,98;EUR
05.01.2025;LASTSCHRIFT TELEKOM DEUTSCHLAND GMBH RECHNUNG 9237554185;-39,95;EUR
07.01.2025;KARTENZAHLUNG REWE MARKT GMBH 07.01.2025;-36,32;EUR
12.01.2025;KARTENZAHLUNG REWE MARKT GMBH 12.01.2025;-71,69;EUR
17.01.2025;KARTENZAHLUNG REWE MARKT GMBH 17.01.2025;-27,22;EUR
21.01.2025;KARTENZAHLUNG REWE MARKT GMBH 21.01.2025;-45,05;EUR
25.01.2025;KARTENZAHLUNG REWE MARKT GMBH 25.01.2025;-34,48;EUR
28.01.2025;GEHALT ACME GMBH;3.200,00;EUR
30.01.2025;KARTENZAHLUNG REWE MARKT GMBH 30.01.2025;-47,21;EUR
03.02.2025;LASTSCHRIFT NETFLIX INTERNATIONAL B.V. REF 6996024489;-13,99;EUR
04.02.2025;KARTENZAHLUNG REWE MARKT GMBH 04.02.2025;-30,19;EUR
05.02.2025;LASTSCHRIFT TELEKOM DEUTSCHLAND GMBH RECHNUNG 4286348376;-39,95;EUR
09.02.2025;KARTENZAHLUNG REWE MARKT GMBH 09.02.2025;-32,25;EUR
12.02.2025;KARTENZAHLUNG REWE MARKT GMBH 12.02.2025;-74,20;EUR
14.02.2025;KARTENZAHLUNG SATURN ELECTRO BERLIN 14.02.2025;-1.299,00;EUR
19.02.2025;KARTENZAHLUNG REWE MARKT GMBH 19.02.2025;-18,32;EUR
24.02.2025;KARTENZAHLUNG REWE MARKT GMBH 24.02.2025;-48,09;EUR
28.02.2025;GEHALT ACME GMBH;3.200,00;EUR
02.03.2025;KARTENZAHLUNG REWE MARKT GMBH 02.03.2025;-89,80;EUR
03.03.2025;LASTSCHRIFT NETFLIX INTERNATIONAL B.V. REF 1665600858;-13,99;EUR
05.03.2025;LASTSCHRIFT TELEKOM DEUTSCHLAND GMBH RECHNUNG 7599990382;-39,95;EUR
09.03.2025;KARTENZAHLUNG REWE MARKT GMBH 09.03.2025;-52,47;EUR
13.03.2025;KARTENZAHLUNG REWE MARKT GMBH 13.03.2025;-62,54;EUR
17.03.2025;KARTENZAHLUNG REWE MARKT GMBH 17.03.2025;-66,67;EUR
21.03.2025;KARTENZAHLUNG REWE MARKT GMBH 21.03.2025;-23,31;EUR
27.03.2025;KARTENZAHLUNG REWE MARKT GMBH 27.03.2025;-64,55;EUR
28.03.2025;GEHALT ACME GMBH;3.200,00;EUR
01.04.2025;KARTENZAHLUNG REWE MARKT GMBH 01.04.2025;-17,18;EUR
03.04.2025;LASTSCHRIFT NETFLIX INTERNATIONAL B.V. REF 1285680177;-13,99;EUR
04.04.2025;KARTENZAHLUNG REWE MARKT GMBH 04.04.2025;-83,26;EUR
05.04.2025;LASTSCHRIFT TELEKOM DEUTSCHLAND GMBH RECHNUNG 5751021070;-39,95;EUR
11.04.2025;KARTENZAHLUNG REWE MARKT GMBH 11.04.2025;-61,53;EUR
16.04.2025;KARTENZAHLUNG REWE MARKT GMBH 16.04.2025;-46,41;EUR
19.04.2025;KARTENZAHLUNG REWE MARKT GMBH 19.04.2025;-26,33;EUR
24.04.2025;KARTENZAHLUNG REWE MARKT GMBH 24.04.2025;-46,00;EUR
28.04.2025;GEHALT ACME GMBH;3.200,00;EUR
