Account Name:,Current Account - J SMITH
Account Number:,20-45-67 XXXX4821
Statement Period:,01/01/2025 to 30/06/2025

Date,Description,Paid out,Paid in,Balance
28/06/2025,CARD PAYMENT TO TESCO STORES 3297 ON 28/06,£63.36,,"£7,893.53"
26/06/2025,CARD PAYMENT TO PRET A MANGER ON 26/06,£3.95,,"£7,956.89"
25/06/2025,BGC ACME LTD SALARY,,"£2,450.00","£7,960.84"
24/06/2025,CARD PAYMENT TO PRET A MANGER ON 24/06,£3.95,,"£5,510.84"
21/06/2025,CARD PAYMENT TO TESCO STORES 3297 ON 21/06,£43.85,,"£5,514.79"
20/06/2025,DD EE LIMITED,£32.00,,"£5,558.64"
19/06/2025,CARD PAYMENT TO PRET A MANGER ON 19/06,£3.95,,"£5,590.64"
17/06/2025,CARD PAYMENT TO PRET A MANGER ON 17/06,£3.95,,"£5,594.59"
16/06/2025,DD CROYDON COUNCIL 88123456,£142.00,,"£5,598.54"
14/06/2025,CARD PAYMENT TO TESCO STORES 3297 ON 14/06,£57.14,,"£5,740.54"
13/06/2025,CARD PAYMENT TO SHELL CROYDON ON 13/06,£70.41,,"£5,797.68"
12/06/2025,DD SPOTIFY U781C6R12M,£11.99,,"£5,868.09"
12/06/2025,CARD PAYMENT TO PRET A MANGER ON 12/06,£3.95,,"£5,880.08"
10/06/2025,CARD PAYMENT TO PRET A MANGER ON 10/06,£3.95,,"£5,884.03"
08/06/2025,CARD PAYMENT TO AMAZON PRIME*892652820X ON 08/06,£8.99,,"£5,887.98"
07/06/2025,CARD PAYMENT TO TESCO STORES 3297 ON 07/06,£65.45,,"£5,896.97"
05/06/2025,CARD PAYMENT TO PRET A MANGER ON 05/06,£3.95,,"£5,962.42"
03/06/2025,CARD PAYMENT TO PRET A MANGER ON 03/06,£3.95,,"£5,966.37"
03/06/2025,CARD PAYMENT TO NETFLIX.COM ON 03/06,£12.99,,"£5,970.32"
02/06/2025,DD PUREGYM LTD,£24.99,,"£5,983.31"
01/06/2025,STO J PATEL RENT,£950.00,,"£6,008.30"
31/05/2025,CARD PAYMENT TO TESCO STORES 3297 ON 31/05,£91.67,,"£6,958.30"
30/05/2025,CARD PAYMENT TO DELIVEROO ON 30/05,£15.85,,"£7,049.97"
29/05/2025,CARD PAYMENT TO PRET A MANGER ON 29/05,£3.95,,"£7,065.82"
27/05/2025,CARD PAYMENT TO PRET A MANGER ON 27/05,£3.95,,"£7,069.77"
26/05/2025,BGC ACME LTD SALARY,,"£2,450.00","£7,073.72"
25/05/2025,CARD PAYMENT TO SHELL CROYDON ON 25/05,£59.97,,"£4,623.72"
24/05/2025,CARD PAYMENT TO TESCO STORES 3297 ON 24/05,£60.96,,"£4,683.69"
22/05/2025,CARD PAYMENT TO PRET A MANGER ON 22/05,£3.95,,"£4,744.65"
20/05/2025,DD EE LIMITED,£32.00,,"£4,748.60"
20/05/2025,CARD PAYMENT TO PRET A MANGER ON 20/05,£3.95,,"£4,780.60"
17/05/2025,CARD PAYMENT TO TESCO STORES 3297 ON 17/05,£41.25,,"£4,784.55"
15/05/2025,DD CROYDON COUNCIL 88123456,£142.00,,"£4,825.80"
15/05/2025,CARD PAYMENT TO PRET A MANGER ON 15/05,£3.95,,"£4,967.80"
13/05/2025,CARD PAYMENT TO PRET A MANGER ON 13/05,£3.95,,"£4,971.75"
12/05/2025,DD SPOTIFY GMUHX838NV,£11.99,,"£4,975.70"
10/05/2025,CARD PAYMENT TO TESCO STORES 3297 ON 10/05,£85.22,,"£4,987.69"
09/05/2025,CARD PAYMENT TO JOHN LEWIS ON 09/05,£89.00,,"£5,072.91"
08/05/2025,CARD PAYMENT TO PRET A MANGER ON 08/05,£3.95,,"£5,161.91"
08/05/2025,CARD PAYMENT TO AMAZON PRIME*824223642X ON 08/05,£8.99,,"£5,165.86"
06/05/2025,CARD PAYMENT TO PRET A MANGER ON 06/05,£3.95,,"£5,174.85"
03/05/2025,CARD PAYMENT TO TESCO STORES 3297 ON 03/05,£62.77,,"£5,178.80"
03/05/2025,CARD PAYMENT TO SHELL CROYDON ON 03/05,£54.85,,"£5,241.57"
03/05/2025,CARD PAYMENT TO NETFLIX.COM ON 03/05,£12.99,,"£5,296.42"
01/05/2025,STO J PATEL RENT,£950.00,,"£5,309.41"
01/05/2025,DD PUREGYM LTD,£24.99,,"£6,259.41"
01/05/2025,CARD PAYMENT TO PRET A MANGER ON 01/05,£3.95,,"£6,284.40"
29/04/2025,CARD PAYMENT TO PRET A MANGER ON 29/04,£3.95,,"£6,288.35"
26/04/2025,CARD PAYMENT TO TESCO STORES 3297 ON 26/04,£78.94,,"£6,292.30"
25/04/2025,BGC ACME LTD SALARY,,"£2,450.00","£6,371.24"
24/04/2025,CARD PAYMENT TO PRET A MANGER ON 24/04,£3.95,,"£3,921.24"
22/04/2025,CARD PAYMENT TO PRET A MANGER ON 22/04,£3.95,,"£3,925.19"
21/04/2025,DD EE LIMITED,£32.00,,"£3,929.14"
21/04/2025,CARD PAYMENT TO DELIVEROO ON 21/04,£27.10,,"£3,961.14"
19/04/2025,CARD PAYMENT TO TESCO STORES 3297 ON 19/04,£93.75,,"£3,988.24"
17/04/2025,CARD PAYMENT TO TRAINLINE ON 17/04,£64.30,,"£4,081.99"
17/04/2025,CARD PAYMENT TO PRET A MANGER ON 17/04,£3.95,,"£4,146.29"
15/04/2025,DD CROYDON COUNCIL 88123456,£142.00,,"£4,150.24"
15/04/2025,CARD PAYMENT TO PRET A MANGER ON 15/04,£3.95,,"£4,292.24"
14/04/2025,DD SPOTIFY 47QYQQ5UB2,£11.99,,"£4,296.19"
12/04/2025,CARD PAYMENT TO TESCO STORES 3297 ON 12/04,£60.16,,"£4,308.18"
10/04/2025,CARD PAYMENT TO PRET A MANGER ON 10/04,£3.95,,"£4,368.34"
09/04/2025,CARD PAYMENT TO SHELL CROYDON ON 09/04,£57.99,,"£4,372.29"
08/04/2025,CARD PAYMENT TO PRET A MANGER ON 08/04,£3.95,,"£4,430.28"
08/04/2025,CARD PAYMENT TO AMAZON PRIME*933049334X ON 08/04,£8.99,,"£4,434.23"
05/04/2025,CARD PAYMENT TO TESCO STORES 3297 ON 05/04,£36.92,,"£4,443.22"
03/04/2025,CARD PAYMENT TO PRET A MANGER ON 03/04,£3.95,,"£4,480.14"
03/04/2025,CARD PAYMENT TO NETFLIX.COM ON 03/04,£12.99,,"£4,484.09"
01/04/2025,STO J PATEL RENT,£950.00,,"£4,497.08"
01/04/2025,DD PUREGYM LTD,£24.99,,"£5,447.08"
01/04/2025,CARD PAYMENT TO PRET A MANGER ON 01/04,£3.95,,"£5,472.07"
29/03/2025,CARD PAYMENT TO TESCO STORES 3297 ON 29/03,£52.55,,"£5,476.02"
27/03/2025,CARD PAYMENT TO PRET A MANGER ON 27/03,£3.95,,"£5,528.57"
25/03/2025,CARD PAYMENT TO PRET A MANGER ON 25/03,£3.95,,"£5,532.52"
25/03/2025,BGC ACME LTD SALARY,,"£2,450.00","£5,536.47"
22/03/2025,CARD PAYMENT TO TESCO STORES 3297 ON 22/03,£66.52,,"£3,086.47"
20/03/2025,DD EE LIMITED,£32.00,,"£3,152.99"
20/03/2025,CARD PAYMENT TO PRET A MANGER ON 20/03,£3.95,,"£3,184.99"
18/03/2025,CARD PAYMENT TO PRET A MANGER ON 18/03,£3.95,,"£3,188.94"
17/03/2025,DD CROYDON COUNCIL 88123456,£142.00,,"£3,192.89"
16/03/2025,CARD PAYMENT TO SHELL CROYDON ON 16/03,£70.64,,"£3,334.89"
15/03/2025,CARD PAYMENT TO TESCO STORES 3297 ON 15/03,£93.82,,"£3,405.53"
15/03/2025,CARD PAYMENT TO DELIVEROO ON 15/03,£23.45,,"£3,499.35"
14/03/2025,CARD PAYMENT TO DELIVEROO ON 14/03,£23.45,,"£3,522.80"
13/03/2025,CARD PAYMENT TO PRET A MANGER ON 13/03,£3.95,,"£3,546.25"
12/03/2025,DD SPOTIFY BBBA0P3B9Q,£11.99,,"£3,550.20"
11/03/2025,CARD PAYMENT TO PRET A MANGER ON 11/03,£3.95,,"£3,562.19"
10/03/2025,DD DISNEY PLUS,£7.99,,"£3,566.14"
08/03/2025,CARD PAYMENT TO TESCO STORES 3297 ON 08/03,£74.24,,"£3,574.13"
08/03/2025,CARD PAYMENT TO AMAZON PRIME*854884265X ON 08/03,£8.99,,"£3,648.37"
06/03/2025,CARD PAYMENT TO PRET A MANGER ON 06/03,£3.95,,"£3,657.36"
04/03/2025,CARD PAYMENT TO PRET A MANGER ON 04/03,£3.95,,"£3,661.31"
03/03/2025,DD PUREGYM LTD,£24.99,,"£3,665.26"
03/03/2025,CARD PAYMENT TO NETFLIX.COM ON 03/03,£10.99,,"£3,690.25"
01/03/2025,STO J PATEL RENT,£950.00,,"£3,701.24"
01/03/2025,CARD PAYMENT TO TESCO STORES 3297 ON 01/03,£28.04,,"£4,651.24"
27/02/2025,CARD PAYMENT TO PRET A MANGER ON 27/02,£3.95,,"£4,679.28"
25/02/2025,CARD PAYMENT TO PRET A MANGER ON 25/02,£3.95,,"£4,683.23"
25/02/2025,BGC ACME LTD SALARY,,"£2,450.00","£4,687.18"
22/02/2025,CARD PAYMENT TO TESCO STORES 3297 ON 22/02,£27.07,,"£2,237.18"
22/02/2025,CARD PAYMENT TO CURRYS PC WORLD ON 22/02,£349.00,,"£2,264.25"
21/02/2025,CARD PAYMENT TO SHELL CROYDON ON 21/02,£50.55,,"£2,613.25"
20/02/2025,DD EE LIMITED,£32.00,,"£2,663.80"
20/02/2025,CARD PAYMENT TO PRET A MANGER ON 20/02,£3.95,,"£2,695.80"
18/02/2025,CARD PAYMENT TO PRET A MANGER ON 18/02,£3.95,,"£2,699.75"
17/02/2025,DD CROYDON COUNCIL 88123456,£142.00,,"£2,703.70"
15/02/2025,CARD PAYMENT TO TESCO STORES 3297 ON 15/02,£59.28,,"£2,845.70"
13/02/2025,CARD PAYMENT TO PRET A MANGER ON 13/02,£3.95,,"£2,904.98"
12/02/2025,DD SPOTIFY 7B03A4TQGW,£11.99,,"£2,908.93"
11/02/2025,CARD PAYMENT TO PRET A MANGER ON 11/02,£3.95,,"£2,920.92"
10/02/2025,DD DISNEY PLUS,£7.99,,"£2,924.87"
08/02/2025,CARD PAYMENT TO TESCO STORES 3297 ON 08/02,£52.53,,"£2,932.86"
08/02/2025,CARD PAYMENT TO AMAZON PRIME*689268179X ON 08/02,£8.99,,"£2,985.39"
06/02/2025,CARD PAYMENT TO PRET A MANGER ON 06/02,£3.95,,"£2,994.38"
04/02/2025,CARD PAYMENT TO SHELL CROYDON ON 04/02,£65.99,,"£2,998.33"
04/02/2025,CARD PAYMENT TO PRET A MANGER ON 04/02,£3.95,,"£3,064.32"
03/02/2025,DD PUREGYM LTD,£24.99,,"£3,068.27"
03/02/2025,CARD PAYMENT TO NETFLIX.COM ON 03/02,£10.99,,"£3,093.26"
02/02/2025,CARD PAYMENT TO DELIVEROO ON 02/02,£18.20,,"£3,104.25"
01/02/2025,STO J PATEL RENT,£950.00,,"£3,122.45"
01/02/2025,CARD PAYMENT TO TESCO STORES 3297 ON 01/02,£61.47,,"£4,072.45"
30/01/2025,CARD PAYMENT TO PRET A MANGER ON 30/01,£3.95,,"£4,133.92"
28/01/2025,CARD PAYMENT TO PRET A MANGER ON 28/01,£3.95,,"£4,137.87"
27/01/2025,BGC ACME LTD SALARY,,"£2,450.00","£4,141.82"
25/01/2025,CARD PAYMENT TO TESCO STORES 3297 ON 25/01,£79.49,,"£1,691.82"
24/01/2025,CARD PAYMENT TO SHELL CROYDON ON 24/01,£48.49,,"£1,771.31"
23/01/2025,CARD PAYMENT TO PRET A MANGER ON 23/01,£3.95,,"£1,819.80"
21/01/2025,CARD PAYMENT TO PRET A MANGER ON 21/01,£3.95,,"£1,823.75"
20/01/2025,DD EE LIMITED,£32.00,,"£1,827.70"
18/01/2025,CARD PAYMENT TO TESCO STORES 3297 ON 18/01,£60.59,,"£1,859.70"
16/01/2025,CARD PAYMENT TO PRET A MANGER ON 16/01,£3.95,,"£1,920.29"
15/01/2025,DD CROYDON COUNCIL 88123456,£142.00,,"£1,924.24"
14/01/2025,CARD PAYMENT TO PRET A MANGER ON 14/01,£3.95,,"£2,066.24"
13/01/2025,DD SPOTIFY JESH7460PG,£11.99,,"£2,070.19"
11/01/2025,CARD PAYMENT TO TESCO STORES 3297 ON 11/01,£55.73,,"£2,082.18"
10/01/2025,DD DISNEY PLUS,£7.99,,"£2,137.91"
09/01/2025,CARD PAYMENT TO PRET A MANGER ON 09/01,£3.95,,"£2,145.90"
08/01/2025,CARD PAYMENT TO AMAZON PRIME*494196212X ON 08/01,£8.99,,"£2,149.85"
07/01/2025,CARD PAYMENT TO PRET A MANGER ON 07/01,£3.95,,"£2,158.84"
04/01/2025,CARD PAYMENT TO TESCO STORES 3297 ON 04/01,£51.23,,"£2,162.79"
03/01/2025,CARD PAYMENT TO NETFLIX.COM ON 03/01,£10.99,,"£2,214.02"
01/01/2025,STO J PATEL RENT,£950.00,,"£2,225.01"
01/01/2025,DD PUREGYM LTD,£24.99,,"£3,175.01"
