"Date","Description","Card Member","Account #","Amount"
"07/29/2025","SHELL OIL 57442153   AUSTIN              TX","JANE DOE","-41007","$58.46"
"07/28/2025","HELLOFRESH           NEW YORK            NY","JANE DOE","-41007","$69.99"
"07/27/2025","WHOLEFDS MKT 10234   AUSTIN              TX","JANE DOE","-41007","$89.46"
"07/25/2025","STARBUCKS STORE 12345 SEATTLE            WA","JANE DOE","-41007","$8.77"
"07/25/2025","AUTOPAY PAYMENT - THANK YOU","JANE DOE","-41007","-$1,202.18"
"07/23/2025","STARBUCKS STORE 12345 SEATTLE            WA","JANE DOE","-41007","$6.51"
"07/22/2025","APPLE.COM/BILL       866-712-7753        CA","JANE DOE","-41007","$2.99"
"07/21/2025","STARBUCKS STORE 12345 SEATTLE            WA","JANE DOE","-41007","$7.37"
"07/21/2025","HELLOFRESH           NEW YORK            NY","JANE DOE","-41007","$69.99"
"07/20/2025","WHOLEFDS MKT 10234   AUSTIN              TX","JANE DOE","-41007","$127.75"
"07/18/2025","SPOTIFY USA          877-778-1161        NY","JANE DOE","-41007","$11.99"
"07/17/2025","STARBUCKS STORE 12345 SEATTLE            WA","JANE DOE","-41007","$8.58"
"07/17/2025","PLANET FITNESS       HAMPTON             NH","JANE DOE","-41007","$10.00"
"07/14/2025","WHOLEFDS MKT 10234   AUSTIN              TX","JANE DOE","-41007","$70.45"
"07/14/2025","HELLOFRESH           NEW YORK            NY","JANE DOE","-41007","$69.99"
"07/14/2025","AMAZON PRIME*8H2QP71M3 AMZN.COM/BILL   WA","JANE DOE","-41007","$139.00"
"07/12/2025","STARBUCKS STORE 12345 SEATTLE            WA","JANE DOE","-41007","$6.98"
"07/12/2025","SHELL OIL 57442153   AUSTIN              TX","JANE DOE","-41007","$53.99"
"07/10/2025","STATE FARM INSURANCE 800-956-6310        IL","JANE DOE","-41007","$186.00"
"07/10/2025","STARBUCKS STORE 12345 SEATTLE            WA","JANE DOE","-41007","$8.62"
"07/07/2025","HELLOFRESH           NEW YORK            NY","JANE DOE","-41007","$69.99"
"07/07/2025","AMAZON MKTPLACE PMTS AMZN.COM/BILL       WA","JANE DOE","-41007","$83.87"
"07/06/2025","WHOLEFDS MKT 10234   AUSTIN              TX","JANE DOE","-41007","$72.87"
"07/05/2025","NETFLIX.COM 866-579-7172 CA","JANE DOE","-41007","$17.99"
"07/02/2025","STARBUCKS STORE 12345 SEATTLE            WA","JANE DOE","-41007","$8.39"
"07/02/2025","COMCAST CABLE COMM   800-266-2278        PA","JANE DOE","-41007","$89.99"
"06/30/2025","STARBUCKS STORE 12345 SEATTLE            WA","JANE DOE","-41007","$7.03"
"06/30/2025","HELLOFRESH           NEW YORK            NY","JANE DOE","-41007","$69.99"
"06/29/2025","WHOLEFDS MKT 10234   AUSTIN              TX","JANE DOE","-41007","$46.43"
"06/27/2025","SHELL OIL 57442153   AUSTIN              TX","JANE DOE","-41007","$43.69"
"06/26/2025","STARBUCKS STORE 12345 SEATTLE            WA","JANE DOE","-41007","$4.35"
"06/25/2025","AUTOPAY PAYMENT - THANK YOU","JANE DOE","-41007","-$1,760.87"
"06/23/2025","HELLOFRESH           NEW YORK            NY","JANE DOE","-41007","$69.99"
"06/22/2025","WHOLEFDS MKT 10234   AUSTIN              TX","JANE DOE","-41007","$87.14"
"06/22/2025","STARBUCKS STORE 12345 SEATTLE            WA","JANE DOE","-41007","$6.25"
"06/22/2025","APPLE.COM/BILL       866-712-7753        CA","JANE DOE","-41007","$2.99"
"06/20/2025","AMAZON MKTPLACE PMTS AMZN.COM/BILL       WA","JANE DOE","-41007","$119.85"
"06/18/2025","STARBUCKS STORE 12345 SEATTLE            WA","JANE DOE","-41007","$8.04"
"06/18/2025","SPOTIFY USA          877-778-1161        NY","JANE DOE","-41007","$11.99"
"06/17/2025","SHELL OIL 57442153   AUSTIN              TX","JANE DOE","-41007","$50.34"
"06/17/2025","PLANET FITNESS       HAMPTON             NH","JANE DOE","-41007","$10.00"
"06/16/2025","HELLOFRESH           NEW YORK            NY","JANE DOE","-41007","$69.99"
"06/14/2025","WHOLEFDS MKT 10234   AUSTIN              TX","JANE DOE","-41007","$128.41"
"06/12/2025","STARBUCKS STORE 12345 SEATTLE            WA","JANE DOE","-41007","$5.24"
"06/09/2025","WHOLEFDS MKT 10234   AUSTIN              TX","JANE DOE","-41007","$85.99"
"06/09/2025","HELLOFRESH           NEW YORK            NY","JANE DOE","-41007","$69.99"
"06/05/2025","STARBUCKS STORE 12345 SEATTLE            WA","JANE DOE","-41007","$7.82"
"06/05/2025","SHELL OIL 57442153   AUSTIN              TX","JANE DOE","-41007","$59.68"
"06/05/2025","NETFLIX.COM          LOS GATOS           CA","JANE DOE","-41007","$17.99"
"06/03/2025","STARBUCKS STORE 12345 SEATTLE            WA","JANE DOE","-41007","$6.04"
"06/02/2025","COMCAST CABLE COMM   800-266-2278        PA","JANE DOE","-41007","$89.99"
"06/01/2025","WHOLEFDS MKT 10234   AUSTIN              TX","JANE DOE","-41007","$137.17"
"06/01/2025","STARBUCKS STORE 12345 SEATTLE            WA","JANE DOE","-41007","$6.77"
"05/30/2025","STARBUCKS STORE 12345 SEATTLE            WA","JANE DOE","-41007","$4.74"
"05/27/2025","STARBUCKS STORE 12345 SEATTLE            WA","JANE DOE","-41007","$4.34"
"05/27/2025","AMAZON MKTPLACE PMTS AMZN.COM/BILL       WA","JANE DOE","-41007","-$34.99"
"05/26/2025","HELLOFRESH           NEW YORK            NY","JANE DOE","-41007","$69.99"
"05/26/2025","AMAZON MKTPLACE PMTS AMZN.COM/BILL       WA","JANE DOE","-41007","$65.63"
"05/25/2025","AUTOPAY PAYMENT - THANK YOU","JANE DOE","-41007","-$1,539.19"
"05/24/2025","STARBUCKS STORE 12345 SEATTLE            WA","JANE DOE","-41007","$4.73"
"05/23/2025","WHOLEFDS MKT 10234   AUSTIN              TX","JANE DOE","-41007","$126.26"
"05/22/2025","APPLE.COM/BILL       866-712-7753        CA","JANE DOE","-41007","$2.99"
"05/21/2025","STARBUCKS STORE 12345 SEATTLE            WA","JANE DOE","-41007","$4.66"
"05/21/2025","SHELL OIL 57442153   AUSTIN              TX","JANE DOE","-41007","$46.51"
"05/20/2025","AMAZON MKTPLACE PMTS AMZN.COM/BILL       WA","JANE DOE","-41007","$34.99"
"05/20/2025","AMAZON MKTPLACE PMTS AMZN.COM/BILL       WA","JANE DOE","-41007","$34.99"
"05/19/2025","STARBUCKS STORE 12345 SEATTLE            WA","JANE DOE","-41007","$6.66"
"05/19/2025","HELLOFRESH           NEW YORK            NY","JANE DOE","-41007","$69.99"
"05/18/2025","WHOLEFDS MKT 10234   AUSTIN              TX","JANE DOE","-41007","$96.00"
"05/18/2025","SPOTIFY USA          877-778-1161        NY","JANE DOE","-41007","$11.99"
"05/17/2025","PLANET FITNESS       HAMPTON             NH","JANE DOE","-41007","$10.00"
"05/14/2025","STARBUCKS STORE 12345 SEATTLE            WA","JANE DOE","-41007","$5.00"
"05/13/2025","WHOLEFDS MKT 10234   AUSTIN              TX","JANE DOE","-41007","$127.47"
"05/12/2025","HELLOFRESH           NEW YORK            NY","JANE DOE","-41007","$69.99"
"05/10/2025","STARBUCKS STORE 12345 SEATTLE            WA","JANE DOE","-41007","$6.06"
"05/08/2025","AMAZON MKTPLACE PMTS AMZN.COM/BILL       WA","JANE DOE","-41007","$24.17"
"05/07/2025","WHOLEFDS MKT 10234   AUSTIN              TX","JANE DOE","-41007","$131.72"
"05/05/2025","NETFLIX.COM 866-579-7172 CA","JANE DOE","-41007","$17.99"
"05/05/2025","HELLOFRESH           NEW YORK            NY","JANE DOE","-41007","$69.99"
"05/03/2025","STARBUCKS STORE 12345 SEATTLE            WA","JANE DOE","-41007","$4.96"
"05/03/2025","SHELL OIL 57442153   AUSTIN              TX","JANE DOE","-41007","$56.94"
"05/02/2025","COMCAST CABLE COMM   800-266-2278        PA","JANE DOE","-41007","$89.99"
"04/29/2025","WHOLEFDS MKT 10234   AUSTIN              TX","JANE DOE","-41007","$83.03"
"04/28/2025","HELLOFRESH           NEW YORK            NY","JANE DOE","-41007","$69.99"
"04/28/2025","AMAZON MKTPLACE PMTS AMZN.COM/BILL       WA","JANE DOE","-41007","$45.09"
"04/26/2025","STARBUCKS STORE 12345 SEATTLE            WA","JANE DOE","-41007","$7.78"
"04/25/2025","AUTOPAY PAYMENT - THANK YOU","JANE DOE","-41007","-$1,387.02"
"04/24/2025","STARBUCKS STORE 12345 SEATTLE            WA","JANE DOE","-41007","$5.56"
"04/22/2025","WHOLEFDS MKT 10234   AUSTIN              TX","JANE DOE","-41007","$144.94"
"04/22/2025","STARBUCKS STORE 12345 SEATTLE            WA","JANE DOE","-41007","$7.47"
"04/22/2025","APPLE.COM/BILL       866-712-7753        CA","JANE DOE","-41007","$2.99"
"04/21/2025","HELLOFRESH           NEW YORK            NY","JANE DOE","-41007","$69.99"
"04/18/2025","SPOTIFY USA          877-778-1161        NY","JANE DOE","-41007","$11.99"
"04/17/2025","PLANET FITNESS       HAMPTON             NH","JANE DOE","-41007","$10.00"
"04/15/2025","SHELL OIL 57442153   AUSTIN              TX","JANE DOE","-41007","$46.48"
"04/14/2025","STARBUCKS STORE 12345 SEATTLE            WA","JANE DOE","-41007","$5.94"
"04/14/2025","HELLOFRESH           NEW YORK            NY","JANE DOE","-41007","$69.99"
"04/13/2025","WHOLEFDS MKT 10234   AUSTIN              TX","JANE DOE","-41007","$68.13"
"04/12/2025","STARBUCKS STORE 12345 SEATTLE            WA","JANE DOE","-41007","$7.18"
"04/10/2025","STATE FARM INSURANCE 800-956-6310        IL","JANE DOE","-41007","$186.00"
"04/08/2025","WHOLEFDS MKT 10234   AUSTIN              TX","JANE DOE","-41007","$153.69"
"04/07/2025","STARBUCKS STORE 12345 SEATTLE            WA","JANE DOE","-41007","$7.97"
"04/07/2025","HELLOFRESH           NEW YORK            NY","JANE DOE","-41007","$69.99"
"04/05/2025","NETFLIX.COM          LOS GATOS           CA","JANE DOE","-41007","$17.99"
"04/03/2025","WHOLEFDS MKT 10234   AUSTIN              TX","JANE DOE","-41007","$58.90"
"04/03/2025","SHELL OIL 57442153   AUSTIN              TX","JANE DOE","-41007","$58.06"
"04/02/2025","STARBUCKS STORE 12345 SEATTLE            WA","JANE DOE","-41007","$5.32"
"04/02/2025","COMCAST CABLE COMM   800-266-2278        PA","JANE DOE","-41007","$89.99"
"04/02/2025","AMAZON MKTPLACE PMTS AMZN.COM/BILL       WA","JANE DOE","-41007","$11.65"
"03/29/2025","WHOLEFDS MKT 10234   AUSTIN              TX","JANE DOE","-41007","$60.35"
"03/27/2025","STARBUCKS STORE 12345 SEATTLE            WA","JANE DOE","-41007","$4.63"
"03/25/2025","AUTOPAY PAYMENT - THANK YOU","JANE DOE","-41007","-$2,010.81"
"03/23/2025","STARBUCKS STORE 12345 SEATTLE            WA","JANE DOE","-41007","$4.60"
"03/22/2025","WHOLEFDS MKT 10234   AUSTIN              TX","JANE DOE","-41007","$101.70"
"03/22/2025","APPLE.COM/BILL       866-712-7753        CA","JANE DOE","-41007","$2.99"
"03/21/2025","DELTA AIR 0062345678901 ATLANTA          GA","JANE DOE","-41007","$412.60"
"03/20/2025","STARBUCKS STORE 12345 SEATTLE            WA","JANE DOE","-41007","$7.61"
"03/19/2025","SHELL OIL 57442153   AUSTIN              TX","JANE DOE","-41007","$58.12"
"03/18/2025","SPOTIFY USA          877-778-1161        NY","JANE DOE","-41007","$11.99"
"03/17/2025","WHOLEFDS MKT 10234   AUSTIN              TX","JANE DOE","-41007","$69.83"
"03/17/2025","PLANET FITNESS       HAMPTON             NH","JANE DOE","-41007","$10.00"
"03/15/2025","STARBUCKS STORE 12345 SEATTLE            WA","JANE DOE","-41007","$5.41"
"03/10/2025","SHELL OIL 57442153   AUSTIN              TX","JANE DOE","-41007","$49.79"
"03/10/2025","AMAZON MKTPLACE PMTS AMZN.COM/BILL       WA","JANE DOE","-41007","$35.21"
"03/09/2025","WHOLEFDS MKT 10234   AUSTIN              TX","JANE DOE","-41007","$79.46"
"03/09/2025","STARBUCKS STORE 12345 SEATTLE            WA","JANE DOE","-41007","$4.40"
"03/09/2025","APPLE.COM/BILL       866-712-7753        CA","JANE DOE","-41007","$49.99"
"03/07/2025","STARBUCKS STORE 12345 SEATTLE            WA","JANE DOE","-41007","$7.58"
"03/05/2025","STARBUCKS STORE 12345 SEATTLE            WA","JANE DOE","-41007","$8.56"
"03/05/2025","NETFLIX.COM 866-579-7172 CA","JANE DOE","-41007","$17.99"
"03/04/2025","AMAZON MKTPLACE PMTS AMZN.COM/BILL       WA","JANE DOE","-41007","$71.22"
"03/03/2025","COMCAST CABLE COMM   800-266-2278        PA","JANE DOE","-41007","$89.99"
"03/02/2025","WHOLEFDS MKT 10234   AUSTIN              TX","JANE DOE","-41007","$90.85"
"03/02/2025","STARBUCKS STORE 12345 SEATTLE            WA","JANE DOE","-41007","$5.34"
"03/02/2025","COMCAST CABLE COMM   800-266-2278        PA","JANE DOE","-41007","$89.99"
"02/28/2025","SHELL OIL 57442153   AUSTIN              TX","JANE DOE","-41007","$36.64"
"02/25/2025","STARBUCKS STORE 12345 SEATTLE            WA","JANE DOE","-41007","$6.38"
"02/25/2025","AUTOPAY PAYMENT - THANK YOU","JANE DOE","-41007","-$2,390.75"
"02/24/2025","WHOLEFDS MKT 10234   AUSTIN              TX","JANE DOE","-41007","$156.26"
"02/23/2025","STARBUCKS STORE 12345 SEATTLE            WA","JANE DOE","-41007","$5.05"
"02/22/2025","APPLE.COM/BILL       866-712-7753        CA","JANE DOE","-41007","$2.99"
"02/18/2025","SPOTIFY USA          877-778-1161        NY","JANE DOE","-41007","$11.99"
"02/17/2025","SHELL OIL 57442153   AUSTIN              TX","JANE DOE","-41007","$51.73"
"02/17/2025","PLANET FITNESS       HAMPTON             NH","JANE DOE","-41007","$10.00"
"02/16/2025","WHOLEFDS MKT 10234   AUSTIN              TX","JANE DOE","-41007","$158.40"
"02/16/2025","STARBUCKS STORE 12345 SEATTLE            WA","JANE DOE","-41007","$4.87"
"02/13/2025","STARBUCKS STORE 12345 SEATTLE            WA","JANE DOE","-41007","$5.44"
"02/08/2025","WHOLEFDS MKT 10234   AUSTIN              TX","JANE DOE","-41007","$58.72"
"02/08/2025","AMAZON MKTPLACE PMTS AMZN.COM/BILL       WA","JANE DOE","-41007","$67.36"
"02/06/2025","STARBUCKS STORE 12345 SEATTLE            WA","JANE DOE","-41007","$7.40"
"02/05/2025","NETFLIX.COM          LOS GATOS           CA","JANE DOE","-41007","$17.99"
"02/02/2025","COMCAST CABLE COMM   800-266-2278        PA","JANE DOE","-41007","$89.99"
"02/01/2025","WHOLEFDS MKT 10234   AUSTIN              TX","JANE DOE","-41007","$74.44"
"02/01/2025","SHELL OIL 57442153   AUSTIN              TX","JANE DOE","-41007","$48.33"
"01/28/2025","STARBUCKS STORE 12345 SEATTLE            WA","JANE DOE","-41007","$7.54"
"01/28/2025","AMAZON MKTPLACE PMTS AMZN.COM/BILL       WA","JANE DOE","-41007","$107.99"
"01/25/2025","AUTOPAY PAYMENT - THANK YOU","JANE DOE","-41007","-$1,799.38"
"01/23/2025","WHOLEFDS MKT 10234   AUSTIN              TX","JANE DOE","-41007","$60.70"
"01/23/2025","STARBUCKS STORE 12345 SEATTLE            WA","JANE DOE","-41007","$7.32"
"01/22/2025","APPLE.COM/BILL       866-712-7753        CA","JANE DOE","-41007","$2.99"
"01/18/2025","WHOLEFDS MKT 10234   AUSTIN              TX","JANE DOE","-41007","$79.53"
"01/18/2025","SPOTIFY USA          877-778-1161        NY","JANE DOE","-41007","$11.99"
"01/17/2025","STARBUCKS STORE 12345 SEATTLE            WA","JANE DOE","-41007","$8.81"
"01/17/2025","PLANET FITNESS       HAMPTON             NH","JANE DOE","-41007","$10.00"
"01/15/2025","SHELL OIL 57442153   AUSTIN              TX","JANE DOE","-41007","$57.64"
"01/15/2025","PLANET FITNESS       HAMPTON             NH","JANE DOE","-41007","$49.00"
"01/12/2025","WHOLEFDS MKT 10234   AUSTIN              TX","JANE DOE","-41007","$146.22"
"01/10/2025","STATE FARM INSURANCE 800-956-6310        IL","JANE DOE","-41007","$186.00"
"01/09/2025","STARBUCKS STORE 12345 SEATTLE            WA","JANE DOE","-41007","$5.48"
"01/05/2025","NETFLIX.COM 866-579-7172 CA","JANE DOE","-41007","$17.99"
"01/04/2025","WHOLEFDS MKT 10234   AUSTIN              TX","JANE DOE","-41007","$125.01"
"01/04/2025","AMAZON MKTPLACE PMTS AMZN.COM/BILL       WA","JANE DOE","-41007","$51.18"
"01/03/2025","STARBUCKS STORE 12345 SEATTLE            WA","JANE DOE","-41007","$5.85"
"01/02/2025","COMCAST CABLE COMM   800-266-2278        PA","JANE DOE","-41007","$89.99"
"12/30/2024","SHELL OIL 57442153   AUSTIN              TX","JANE DOE","-41007","$43.76"
"12/29/2024","WHOLEFDS MKT 10234   AUSTIN              TX","JANE DOE","-41007","$86.87"
"12/28/2024","STARBUCKS STORE 12345 SEATTLE            WA","JANE DOE","-41007","$8.36"
"12/25/2024","AUTOPAY PAYMENT - THANK YOU","JANE DOE","-41007","-$1,264.90"
"12/24/2024","WHOLEFDS MKT 10234   AUSTIN              TX","JANE DOE","-41007","$156.87"
"12/22/2024","APPLE.COM/BILL       866-712-7753        CA","JANE DOE","-41007","$2.99"
"12/22/2024","AMAZON MKTPLACE PMTS AMZN.COM/BILL       WA","JANE DOE","-41007","$44.35"
"12/19/2024","STARBUCKS STORE 12345 SEATTLE            WA","JANE DOE","-41007","$5.79"
"12/18/2024","SPOTIFY USA          877-778-1161        NY","JANE DOE","-41007","$11.99"
"12/17/2024","WHOLEFDS MKT 10234   AUSTIN              TX","JANE DOE","-41007","$44.51"
"12/17/2024","PLANET FITNESS       HAMPTON             NH","JANE DOE","-41007","$10.00"
"12/16/2024","SHELL OIL 57442153   AUSTIN              TX","JANE DOE","-41007","$54.00"
"12/13/2024","STARBUCKS STORE 12345 SEATTLE            WA","JANE DOE","-41007","$6.54"
"12/10/2024","WHOLEFDS MKT 10234   AUSTIN              TX","JANE DOE","-41007","$137.18"
"12/09/2024","STARBUCKS STORE 12345 SEATTLE            WA","JANE DOE","-41007","$7.92"
"12/08/2024","AMAZON MKTPLACE PMTS AMZN.COM/BILL       WA","JANE DOE","-41007","$60.60"
"12/07/2024","SHELL OIL 57442153   AUSTIN              TX","JANE DOE","-41007","$59.31"
"12/05/2024","WHOLEFDS MKT 10234   AUSTIN              TX","JANE DOE","-41007","$121.76"
"12/05/2024","NETFLIX.COM          LOS GATOS           CA","JANE DOE","-41007","$15.49"
"12/02/2024","STARBUCKS STORE 12345 SEATTLE            WA","JANE DOE","-41007","$6.69"
"12/02/2024","COMCAST CABLE COMM   800-266-2278        PA","JANE DOE","-41007","$89.99"
"11/29/2024","BEST BUY 00012345     SAN JOSE            CA","JANE DOE","-41007","$1,299.00"
"11/28/2024","WHOLEFDS MKT 10234   AUSTIN              TX","JANE DOE","-41007","$149.36"
"11/27/2024","STARBUCKS STORE 12345 SEATTLE            WA","JANE DOE","-41007","$8.71"
"11/25/2024","AUTOPAY PAYMENT - THANK YOU","JANE DOE","-41007","-$2,063.48"
"11/23/2024","WHOLEFDS MKT 10234   AUSTIN              TX","JANE DOE","-41007","$135.83"
"11/22/2024","SHELL OIL 57442153   AUSTIN              TX","JANE DOE","-41007","$52.82"
"11/22/2024","APPLE.COM/BILL       866-712-7753        CA","JANE DOE","-41007","$2.99"
"11/18/2024","WHOLEFDS MKT 10234   AUSTIN              TX","JANE DOE","-41007","$147.78"
"11/18/2024","STARBUCKS STORE 12345 SEATTLE            WA","JANE DOE","-41007","$7.96"
"11/18/2024","SPOTIFY USA          877-778-1161        NY","JANE DOE","-41007","$11.99"
"11/17/2024","PLANET FITNESS       HAMPTON             NH","JANE DOE","-41007","$10.00"
"11/12/2024","AMAZON MKTPLACE PMTS AMZN.COM/BILL       WA","JANE DOE","-41007","$12.05"
"11/09/2024","WHOLEFDS MKT 10234   AUSTIN              TX","JANE DOE","-41007","$136.76"
"11/09/2024","STARBUCKS STORE 12345 SEATTLE            WA","JANE DOE","-41007","$4.36"
"11/07/2024","SHELL OIL 57442153   AUSTIN              TX","JANE DOE","-41007","$39.34"
"11/05/2024","NETFLIX.COM 866-579-7172 CA","JANE DOE","-41007","$15.49"
"11/02/2024","STARBUCKS STORE 12345 SEATTLE            WA","JANE DOE","-41007","$8.19"
"11/02/2024","COMCAST CABLE COMM   800-266-2278        PA","JANE DOE","-41007","$89.99"
"10/31/2024","WHOLEFDS MKT 10234   AUSTIN              TX","JANE DOE","-41007","$105.43"
"10/26/2024","SHELL OIL 57442153   AUSTIN              TX","JANE DOE","-41007","$47.84"
"10/25/2024","WHOLEFDS MKT 10234   AUSTIN              TX","JANE DOE","-41007","$61.14"
"10/25/2024","AUTOPAY PAYMENT - THANK YOU","JANE DOE","-41007","-$2,200.12"
"10/24/2024","STARBUCKS STORE 12345 SEATTLE            WA","JANE DOE","-41007","$7.48"
"10/22/2024","APPLE.COM/BILL       866-712-7753        CA","JANE DOE","-41007","$2.99"
"10/18/2024","SPOTIFY USA          877-778-1161        NY","JANE DOE","-41007","$11.99"
"10/17/2024","WHOLEFDS MKT 10234   AUSTIN              TX","JANE DOE","-41007","$48.54"
"10/17/2024","PLANET FITNESS       HAMPTON             NH","JANE DOE","-41007","$10.00"
"10/15/2024","STARBUCKS STORE 12345 SEATTLE            WA","JANE DOE","-41007","$4.69"
"10/13/2024","AMAZON MKTPLACE PMTS AMZN.COM/BILL       WA","JANE DOE","-41007","$12.99"
"10/10/2024","STATE FARM INSURANCE 800-956-6310        IL","JANE DOE","-41007","$186.00"
"10/09/2024","WHOLEFDS MKT 10234   AUSTIN              TX","JANE DOE","-41007","$109.09"
"10/08/2024","STARBUCKS STORE 12345 SEATTLE            WA","JANE DOE","-41007","$8.76"
"10/08/2024","SHELL OIL 57442153   AUSTIN              TX","JANE DOE","-41007","$47.05"
"10/05/2024","NETFLIX.COM          LOS GATOS           CA","JANE DOE","-41007","$15.49"
"10/02/2024","COMCAST CABLE COMM   800-266-2278        PA","JANE DOE","-41007","$89.99"
"10/01/2024","WHOLEFDS MKT 10234   AUSTIN              TX","JANE DOE","-41007","$127.34"
"09/29/2024","STARBUCKS STORE 12345 SEATTLE            WA","JANE DOE","-41007","$4.97"
"09/26/2024","WHOLEFDS MKT 10234   AUSTIN              TX","JANE DOE","-41007","$50.12"
"09/25/2024","AUTOPAY PAYMENT - THANK YOU","JANE DOE","-41007","-$1,950.16"
"09/23/2024","STARBUCKS STORE 12345 SEATTLE            WA","JANE DOE","-41007","$7.17"
"09/22/2024","APPLE.COM/BILL       866-712-7753        CA","JANE DOE","-41007","$2.99"
"09/21/2024","SHELL OIL 57442153   AUSTIN              TX","JANE DOE","-41007","$51.97"
"09/18/2024","WHOLEFDS MKT 10234   AUSTIN              TX","JANE DOE","-41007","$123.90"
"09/18/2024","SPOTIFY USA          877-778-1161        NY","JANE DOE","-41007","$11.99"
"09/17/2024","PLANET FITNESS       HAMPTON             NH","JANE DOE","-41007","$10.00"
"09/15/2024","AMAZON MKTPLACE PMTS AMZN.COM/BILL       WA","JANE DOE","-41007","$38.77"
"09/14/2024","STARBUCKS STORE 12345 SEATTLE            WA","JANE DOE","-41007","$6.14"
"09/13/2024","WHOLEFDS MKT 10234   AUSTIN              TX","JANE DOE","-41007","$123.47"
"09/09/2024","STARBUCKS STORE 12345 SEATTLE            WA","JANE DOE","-41007","$5.49"
"09/09/2024","SHELL OIL 57442153   AUSTIN              TX","JANE DOE","-41007","$50.30"
"09/07/2024","WHOLEFDS MKT 10234   AUSTIN              TX","JANE DOE","-41007","$105.83"
"09/05/2024","NETFLIX.COM 866-579-7172 CA","JANE DOE","-41007","$15.49"
"09/05/2024","AMAZON MKTPLACE PMTS AMZN.COM/BILL       WA","JANE DOE","-41007","$58.38"
"09/02/2024","COMCAST CABLE COMM   800-266-2278        PA","JANE DOE","-41007","$89.99"
"08/31/2024","WHOLEFDS MKT 10234   AUSTIN              TX","JANE DOE","-41007","$111.59"
"08/31/2024","STARBUCKS STORE 12345 SEATTLE            WA","JANE DOE","-41007","$4.47"
"08/30/2024","SHELL OIL 57442153   AUSTIN              TX","JANE DOE","-41007","$47.25"
"08/26/2024","WHOLEFDS MKT 10234   AUSTIN              TX","JANE DOE","-41007","$58.77"
"08/25/2024","AUTOPAY PAYMENT - THANK YOU","JANE DOE","-41007","-$1,506.35"
"08/23/2024","STARBUCKS STORE 12345 SEATTLE            WA","JANE DOE","-41007","$7.09"
"08/22/2024","APPLE.COM/BILL       866-712-7753        CA","JANE DOE","-41007","$2.99"
"08/21/2024","WHOLEFDS MKT 10234   AUSTIN              TX","JANE DOE","-41007","$87.36"
"08/20/2024","AMAZON MKTPLACE PMTS AMZN.COM/BILL       WA","JANE DOE","-41007","$69.40"
"08/19/2024","STARBUCKS STORE 12345 SEATTLE            WA","JANE DOE","-41007","$6.84"
"08/18/2024","SPOTIFY USA          877-778-1161        NY","JANE DOE","-41007","$11.99"
"08/17/2024","PLANET FITNESS       HAMPTON             NH","JANE DOE","-41007","$10.00"
"08/16/2024","SHELL OIL 57442153   AUSTIN              TX","JANE DOE","-41007","$49.51"
"08/13/2024","WHOLEFDS MKT 10234   AUSTIN              TX","JANE DOE","-41007","$121.63"
"08/13/2024","AMAZON MKTPLACE PMTS AMZN.COM/BILL       WA","JANE DOE","-41007","$114.38"
"08/10/2024","STARBUCKS STORE 12345 SEATTLE            WA","JANE DOE","-41007","$5.70"
"08/08/2024","WHOLEFDS MKT 10234   AUSTIN              TX","JANE DOE","-41007","$99.05"
"08/06/2024","AMAZON MKTPLACE PMTS AMZN.COM/BILL       WA","JANE DOE","-41007","$119.42"
"08/05/2024","NETFLIX.COM          LOS GATOS           CA","JANE DOE","-41007","$15.49"
"08/03/2024","STARBUCKS STORE 12345 SEATTLE            WA","JANE DOE","-41007","$6.55"
"08/02/2024","COMCAST CABLE COMM   800-266-2278        PA","JANE DOE","-41007","$89.99"
"08/01/2024","WHOLEFDS MKT 10234   AUSTIN              TX","JANE DOE","-41007","$90.28"
"07/31/2024","AMAZON MKTPLACE PMTS AMZN.COM/BILL       WA","JANE DOE","-41007","$89.25"
"07/30/2024","SHELL OIL 57442153   AUSTIN              TX","JANE DOE","-41007","$58.03"
"07/27/2024","STARBUCKS STORE 12345 SEATTLE            WA","JANE DOE","-41007","$5.59"
"07/25/2024","WHOLEFDS MKT 10234   AUSTIN              TX","JANE DOE","-41007","$127.35"
"07/25/2024","AUTOPAY PAYMENT - THANK YOU","JANE DOE","-41007","-$2,397.28"
"07/22/2024","APPLE.COM/BILL       866-712-7753        CA","JANE DOE","-41007","$2.99"
"07/20/2024","STARBUCKS STORE 12345 SEATTLE            WA","JANE DOE","-41007","$7.76"
"07/18/2024","WHOLEFDS MKT 10234   AUSTIN              TX","JANE DOE","-41007","$126.35"
"07/18/2024","SPOTIFY USA          877-778-1161        NY","JANE DOE","-41007","$11.99"
"07/17/2024","PLANET FITNESS       HAMPTON             NH","JANE DOE","-41007","$10.00"
"07/16/2024","SHELL OIL 57442153   AUSTIN              TX","JANE DOE","-41007","$41.86"
"07/14/2024","AMAZON PRIME*RT4K29XL0 AMZN.COM/BILL   WA","JANE DOE","-41007","$139.00"
"07/12/2024","STARBUCKS STORE 12345 SEATTLE            WA","JANE DOE","-41007","$7.20"
"07/11/2024","WHOLEFDS MKT 10234   AUSTIN              TX","JANE DOE","-41007","$143.90"
"07/10/2024","STATE FARM INSURANCE 800-956-6310        IL","JANE DOE","-41007","$186.00"
"07/05/2024","NETFLIX.COM 866-579-7172 CA","JANE DOE","-41007","$15.49"
"07/03/2024","STARBUCKS STORE 12345 SEATTLE            WA","JANE DOE","-41007","$8.66"
"07/02/2024","WHOLEFDS MKT 10234   AUSTIN              TX","JANE DOE","-41007","$98.10"
"07/02/2024","COMCAST CABLE COMM   800-266-2278        PA","JANE DOE","-41007","$89.99"
